Feature,Importance
HbA1c_level,0.3906681197160503
blood_glucose_level,0.30167220135348854
bmi,0.13191887473530886
age_range,0.1136475013917113
smoking_history,0.027619520812809908
hypertension,0.019902708285507602
heart_disease,0.009044197927307587
gender,0.005526875777816025
